{"version": "1", "message": "ERROR: Hidden Testcases server unreachable.", "problem_id": "ADS-1 remedial-2", "user_id": "saitejasedate", "score": {"sample": {"0": {"execution_time": 0.3717610836029053, "passed": true}, "1": {"execution_time": 0.3948349952697754, "passed": true}, "2": {"execution_time": 0.40038204193115234, "passed": true}, "3": {"execution_time": 0.38609790802001953, "passed": true}, "4": {"execution_time": 0.37733888626098633, "passed": true}, "5": {"execution_time": 0.4147944450378418, "passed": true}, "6": {"execution_time": 0.38885998725891113, "passed": true}, "7": {"execution_time": 0.40483903884887695, "passed": true}, "8": {"execution_time": 0.40352869033813477, "passed": true}, "9": {"execution_time": 0.4207913875579834, "passed": false}}}, "check_style_score": "0/1"}