{"version": "1", "message": "ERROR: Hidden Testcases server unreachable.", "problem_id": "ADS-1 remedial-2", "user_id": "saitejasedate", "score": {"sample": {"0": {"execution_time": 0.48401451110839844, "passed": true}, "1": {"execution_time": 0.39805030822753906, "passed": true}, "2": {"execution_time": 0.4499685764312744, "passed": true}, "3": {"execution_time": 0.39273595809936523, "passed": true}, "4": {"execution_time": 0.3918724060058594, "passed": true}, "5": {"execution_time": 0.4042778015136719, "passed": true}, "6": {"execution_time": 0.39191627502441406, "passed": true}, "7": {"execution_time": 0.4495563507080078, "passed": true}, "8": {"execution_time": 0.4107496738433838, "passed": true}, "9": {"execution_time": 0.40134263038635254, "passed": true}}}, "check_style_score": "0/1"}