{"version": "1", "message": "ERROR: Hidden Testcases server unreachable.", "problem_id": "ADS-1 remedial-2", "user_id": "saitejasedate", "score": {"sample": {"0": {"execution_time": 0.3858017921447754, "passed": true}, "1": {"execution_time": 0.3768138885498047, "passed": true}, "2": {"execution_time": 0.38283586502075195, "passed": true}, "3": {"execution_time": 0.47872400283813477, "passed": true}, "4": {"execution_time": 0.4478416442871094, "passed": true}, "5": {"execution_time": 0.39890074729919434, "passed": true}, "6": {"execution_time": 0.3797435760498047, "passed": true}, "7": {"execution_time": 0.3688385486602783, "passed": true}, "8": {"execution_time": 0.37447452545166016, "passed": true}, "9": {"execution_time": 0.31487441062927246, "passed": true}}}, "check_style_score": "0/1"}