{"version": "1", "message": "ERROR: Hidden Testcases server unreachable.", "problem_id": "ADS-1 remedial-2", "user_id": "saitejasedate", "score": {"sample": {"0": {"execution_time": 0.3848075866699219, "passed": true}, "1": {"execution_time": 0.37985730171203613, "passed": true}, "2": {"execution_time": 0.38985776901245117, "passed": true}, "3": {"execution_time": 0.3688833713531494, "passed": true}, "4": {"execution_time": 0.3911004066467285, "passed": true}, "5": {"execution_time": 0.38880085945129395, "passed": true}, "6": {"execution_time": 0.3796079158782959, "passed": true}, "7": {"execution_time": 0.3878324031829834, "passed": true}, "8": {"execution_time": 0.39440274238586426, "passed": true}, "9": {"execution_time": 0.40976595878601074, "passed": true}}}, "check_style_score": "0/1"}