{"version": "1", "message": "ERROR: Hidden Testcases server unreachable.", "problem_id": "ADS-1 remedial-2", "user_id": "saitejasedate", "score": {"sample": {"0": {"execution_time": 0.6075179576873779, "passed": false}, "1": {"execution_time": 0.494265079498291, "passed": false}, "2": {"execution_time": 0.42275476455688477, "passed": false}, "3": {"execution_time": 0.42289066314697266, "passed": false}, "4": {"execution_time": 0.4049873352050781, "passed": false}, "5": {"execution_time": 0.46268177032470703, "passed": false}, "6": {"execution_time": 0.5315375328063965, "passed": false}, "7": {"execution_time": 0.41649508476257324, "passed": false}, "8": {"execution_time": 0.41306471824645996, "passed": false}, "9": {"execution_time": 0.40029406547546387, "passed": false}}}, "check_style_score": "0/1"}