{"version": "1", "message": "ERROR: Hidden Testcases server unreachable.", "problem_id": "ADS-1 remedial-2", "user_id": "saitejasedate", "score": {"sample": {"0": {"execution_time": 0.3659672737121582, "passed": true}, "1": {"execution_time": 0.38780784606933594, "passed": true}, "2": {"execution_time": 0.3848152160644531, "passed": true}, "3": {"execution_time": 0.3928050994873047, "passed": true}, "4": {"execution_time": 0.3828253746032715, "passed": true}, "5": {"execution_time": 0.3818321228027344, "passed": true}, "6": {"execution_time": 0.3880729675292969, "passed": true}, "7": {"execution_time": 0.3608663082122803, "passed": true}, "8": {"execution_time": 0.386857271194458, "passed": true}, "9": {"execution_time": 0.32628560066223145, "passed": true}}}, "check_style_score": "0/1"}