{"version": "1", "message": "ERROR: Hidden Testcases server unreachable.", "problem_id": "ADS-1 remedial-2", "user_id": "saitejasedate", "score": {"sample": {"0": {"execution_time": 0.40085792541503906, "passed": false}, "1": {"execution_time": 0.4668712615966797, "passed": false}, "2": {"execution_time": 0.41979479789733887, "passed": false}, "3": {"execution_time": 0.40683984756469727, "passed": false}, "4": {"execution_time": 0.4077167510986328, "passed": false}, "5": {"execution_time": 0.39852166175842285, "passed": false}, "6": {"execution_time": 0.39987826347351074, "passed": false}, "7": {"execution_time": 0.39684152603149414, "passed": false}, "8": {"execution_time": 0.38385915756225586, "passed": false}, "9": {"execution_time": 0.32991671562194824, "passed": false}}}, "check_style_score": "0/1"}