{"version": "1", "message": "ERROR: Hidden Testcases server unreachable.", "problem_id": "ADS-1 remedial-2", "user_id": "saitejasedate", "score": {"sample": {"0": {"execution_time": 0.376847505569458, "passed": false}, "1": {"execution_time": 0.38535308837890625, "passed": false}, "2": {"execution_time": 0.39590930938720703, "passed": false}, "3": {"execution_time": 0.3788125514984131, "passed": false}, "4": {"execution_time": 0.3866920471191406, "passed": false}, "5": {"execution_time": 0.3659236431121826, "passed": false}, "6": {"execution_time": 0.38184237480163574, "passed": false}, "7": {"execution_time": 0.39485692977905273, "passed": false}, "8": {"execution_time": 0.3896033763885498, "passed": false}, "9": {"execution_time": 0.3163111209869385, "passed": false}}}, "check_style_score": "0/1"}