{"version": "1", "message": "ERROR: Hidden Testcases server unreachable.", "problem_id": "ADS-1 remedial-2", "user_id": "saitejasedate", "score": {"sample": {"0": {"execution_time": 1.1358833312988281, "passed": true}, "1": {"execution_time": 1.3538687229156494, "passed": true}, "2": {"execution_time": 0.8189976215362549, "passed": true}, "3": {"execution_time": 0.5108954906463623, "passed": true}, "4": {"execution_time": 1.55003023147583, "passed": true}, "5": {"execution_time": 1.1749484539031982, "passed": true}, "6": {"execution_time": 1.3541431427001953, "passed": true}, "7": {"execution_time": 1.3727655410766602, "passed": true}, "8": {"execution_time": 1.0271625518798828, "passed": true}, "9": {"execution_time": 1.677319049835205, "passed": true}}}, "check_style_score": "0/1"}