{"version": "1", "message": "ERROR: Hidden Testcases server unreachable.", "problem_id": "ADS-1 remedial-2", "user_id": "saitejasedate", "score": {"sample": {"0": {"execution_time": 0.3898959159851074, "passed": true}, "1": {"execution_time": 0.39151668548583984, "passed": true}, "2": {"execution_time": 0.3888528347015381, "passed": true}, "3": {"execution_time": 0.38722991943359375, "passed": true}, "4": {"execution_time": 0.3683319091796875, "passed": true}, "5": {"execution_time": 0.394848108291626, "passed": true}, "6": {"execution_time": 0.3945434093475342, "passed": true}, "7": {"execution_time": 0.39577436447143555, "passed": true}, "8": {"execution_time": 0.3925931453704834, "passed": true}, "9": {"execution_time": 0.3130030632019043, "passed": true}}}, "check_style_score": "0/1"}