{"version": "1", "message": "ERROR: Hidden Testcases server unreachable.", "problem_id": "ADS-1 remedial-2", "user_id": "saitejasedate", "score": {"sample": {"0": {"execution_time": 0.49782490730285645, "passed": true}, "1": {"execution_time": 0.4042856693267822, "passed": true}, "2": {"execution_time": 0.412761926651001, "passed": true}, "3": {"execution_time": 0.40679025650024414, "passed": true}, "4": {"execution_time": 0.3977947235107422, "passed": true}, "5": {"execution_time": 0.40381813049316406, "passed": true}, "6": {"execution_time": 0.5227549076080322, "passed": true}, "7": {"execution_time": 0.3972899913787842, "passed": true}, "8": {"execution_time": 0.4037942886352539, "passed": true}, "9": {"execution_time": 0.3080143928527832, "passed": true}}}, "check_style_score": "0/1"}